model,rmse,mae,mape
SARIMA,16.83933401500561,12.91840293020474,7.460827241697639
ETS,22.096951897789094,17.953130860462604,9.394214341129498
