year,cases,population,incidence_per_100k,pct_change
2001,50266,,,
2002,395140,,,686.0979588588708
2003,501459,,,26.90666599180038
2004,469697,,,-6.3339176283604415
2005,516799,,,10.028167094956952
2006,459628,,,-11.06252140580768
2007,693293,,,50.837851479892436
2008,403975,,,-41.730985312126336
2009,311683,,,-22.84596819110093
2010,331407,,,6.328224510159353
