count,mean,std,min,25%,median,75%,max,cv
120.0,218.16666666666666,32.55979201442185,133.0,194.5,220.0,236.25,298.0,0.14924274414555472
